agent_name,agent_email,agent_phone,fecha_cargue
Bessy Tomaszynski,btomaszynski0@alexa.com,+1 (757) 646-3536,2024-12-16
Cher Gjerde,cgjerde1@fotki.com,+1 (850) 302-7531,2024-12-16
Felicity Lowman,flowman2@wikispaces.com,+1 (754) 879-3501,2024-12-16
Ive Jervois,ijervois3@ebay.co.uk,,2024-12-16
Gretal Bauckham,gbauckham4@goo.gl,+1 (480) 648-4238,2024-12-16
Claudius Stevings,cstevings5@rambler.ru,+1 (718) 103-0521,2024-12-16
Shaina Baythrop,sbaythrop6@eventbrite.com,+1 (814) 237-2267,2024-12-16
Wilburt Caso,wcaso7@google.ru,+1 (901) 965-8098,2024-12-16
Kate Tetlow,ktetlow8@techcrunch.com,+1 (832) 687-2301,2024-12-16
Carlos Jeratt,cjeratt9@wunderground.com,+1 (319) 757-7148,2024-12-16
Karissa Vondracek,kvondraceka@dagondesign.com,+1 (804) 624-8287,2024-12-16
Vilhelmina Whitnell,vwhitnellb@reverbnation.com,,2024-12-16
Griffin Kolodziejski,gkolodziejskic@vistaprint.com,+1 (806) 989-4911,2024-12-16
Gigi Cresswell,gcresswelld@nps.gov,+1 (661) 780-9070,2024-12-16
Dolli Keppy,dkeppye@reuters.com,+1 (602) 500-2502,2024-12-16
Murvyn Klimko,mklimkof@paginegialle.it,+1 (515) 125-2609,2024-12-16
Trumaine Rubes,trubesg@cornell.edu,+1 (540) 658-9775,2024-12-16
Delano Delyth,ddelythh@cloudflare.com,+1 (312) 821-6062,2024-12-16
Prudi Saura,psaurai@cam.ac.uk,+1 (425) 252-2124,2024-12-16
Ahmed Thairs,athairsj@wikipedia.org,+1 (214) 784-1090,2024-12-16
Leia Verdey,lverdeyk@lulu.com,+1 (941) 985-2907,2024-12-16
Simonne Eltune,seltunel@twitter.com,+1 (831) 489-2666,2024-12-16
Merrie Blas,mblasm@wp.com,+1 (571) 615-5962,2024-12-16
Carey Noton,cnotonn@sitemeter.com,+1 (818) 960-4728,2024-12-16
Moe Yeardsley,myeardsleyo@ucsd.edu,+1 (504) 975-9080,2024-12-16
Latrina Garmon,lgarmonp@xrea.com,+1 (585) 285-7787,2024-12-16
Farica Waterworth,fwaterworthq@redcross.org,,2024-12-16
Gertie Renvoys,grenvoysr@tinyurl.com,+1 (916) 311-8909,2024-12-16
Valentin Morewood,vmorewoods@dailymail.co.uk,+1 (913) 148-2460,2024-12-16
Arleen Elwill,aelwillt@cocolog-nifty.com,+1 (775) 801-6403,2024-12-16
Padget Clawsley,pclawsleyu@census.gov,+1 (857) 701-2848,2024-12-16
Octavius Gehring,ogehringv@joomla.org,+1 (209) 366-5983,2024-12-16
Alva Whapple,awhapplew@i2i.jp,+1 (267) 853-0168,2024-12-16
Hamil Spellworth,hspellworthx@usda.gov,+1 (832) 734-3793,2024-12-16
Christabel Pedron,cpedrony@cloudflare.com,+1 (424) 962-9611,2024-12-16
Aurelea Beynke,abeynkez@wired.com,+1 (812) 477-8145,2024-12-16
Celle Morriss,cmorriss10@shutterfly.com,+1 (843) 853-3272,2024-12-16
Lida Swate,lswate11@last.fm,+1 (816) 699-9924,2024-12-16
Alleen Wheaton,awheaton12@apple.com,+1 (718) 136-1197,2024-12-16
Hammad Hulkes,hhulkes13@dailymail.co.uk,+1 (336) 638-0015,2024-12-16
Kelley Heak,kheak14@sciencedirect.com,+1 (336) 972-7861,2024-12-16
Ynez Greensitt,ygreensitt15@cnet.com,+1 (203) 310-7356,2024-12-16
Ruprecht Rae,rrae16@abc.net.au,,2024-12-16
Lisle Wyldbore,lwyldbore17@jigsy.com,+1 (770) 843-2920,2024-12-16
Kristian Simonard,ksimonard18@gmpg.org,+1 (612) 658-5307,2024-12-16
Lisette Tremaine,ltremaine19@photobucket.com,+1 (813) 947-3717,2024-12-16
Jacquelin Ellingford,jellingford1a@pen.io,+1 (325) 803-1543,2024-12-16
Marwin Finkle,mfinkle1b@indiatimes.com,+1 (937) 698-4002,2024-12-16
Bert Perkis,bperkis1c@mediafire.com,+1 (406) 775-2163,2024-12-16
Yelena Paybody,ypaybody1d@booking.com,+1 (915) 287-6159,2024-12-16
Patrica Beeck,pbeeck1e@addthis.com,+1 (214) 297-7588,2024-12-16
Dorisa Peirone,dpeirone1f@nbcnews.com,+1 (701) 326-7224,2024-12-16
Viviyan Bootes,vbootes1g@friendfeed.com,+1 (260) 986-4118,2024-12-16
Correy Litel,clitel1h@technorati.com,+1 (214) 218-5243,2024-12-16
Erin Dodamead,edodamead1i@va.gov,+1 (216) 727-5625,2024-12-16
Beverly Rains,brains1j@statcounter.com,+1 (786) 725-7940,2024-12-16
Lucian Arden,larden1k@wikimedia.org,+1 (727) 314-2757,2024-12-16
Samaria Terzza,sterzza1l@webnode.com,,2024-12-16
Una Treher,utreher1m@ted.com,,2024-12-16
Putnam Baldree,pbaldree1n@slideshare.net,+1 (972) 256-6212,2024-12-16
Delmore Haseldine,dhaseldine1o@nytimes.com,+1 (202) 391-1897,2024-12-16
Hodge Red,hred1p@paypal.com,+1 (330) 741-5113,2024-12-16
Basilio Whistance,bwhistance1q@webeden.co.uk,+1 (720) 961-5960,2024-12-16
Christos Orange,corange1r@elegantthemes.com,+1 (706) 503-1531,2024-12-16
Marie Redmille,mredmille1s@shop-pro.jp,+1 (253) 993-3198,2024-12-16
Eddi Nigh,enigh1t@a8.net,+1 (210) 273-1379,2024-12-16
Berti McClymond,bmcclymond1u@wikipedia.org,+1 (619) 864-1508,2024-12-16
Jobi Hendrich,jhendrich1v@examiner.com,+1 (206) 541-2685,2024-12-16
Liesa Terbruggen,lterbruggen1w@cbsnews.com,+1 (260) 468-2010,2024-12-16
Bette Gommey,bgommey1x@nationalgeographic.com,+1 (724) 912-9861,2024-12-16
Caty Scoullar,cscoullar1y@abc.net.au,+1 (513) 696-7602,2024-12-16
Eben Edgcombe,eedgcombe1z@google.com.au,+1 (702) 269-9846,2024-12-16
Georgie Stoffer,gstoffer20@nature.com,+1 (303) 472-9970,2024-12-16
Spencer Fyall,sfyall21@sciencedaily.com,+1 (801) 955-2688,2024-12-16
Jorgan Henriet,jhenriet22@va.gov,+1 (504) 451-9791,2024-12-16
Shanta Wogden,swogden23@businessinsider.com,+1 (914) 787-7097,2024-12-16
Olive Abelevitz,oabelevitz24@newsvine.com,+1 (973) 681-2269,2024-12-16
Alwin Smidmor,asmidmor25@latimes.com,,2024-12-16
Lanie Buzzing,lbuzzing26@artisteer.com,+1 (801) 543-3368,2024-12-16
Cully Tomblett,ctomblett27@globo.com,+1 (513) 457-4635,2024-12-16
Amandi Fewtrell,afewtrell28@msu.edu,+1 (256) 965-2080,2024-12-16
Lissy Andrault,landrault29@ow.ly,+1 (816) 672-5650,2024-12-16
Myrtia Adami,madami2a@privacy.gov.au,+1 (316) 977-2802,2024-12-16
Davidson Batrim,dbatrim2b@google.ca,+1 (540) 424-7091,2024-12-16
Laureen Walbrun,lwalbrun2c@earthlink.net,,2024-12-16
Chrystal Foxen,cfoxen2d@weebly.com,+1 (517) 802-3667,2024-12-16
Matilda Siggs,msiggs2e@imdb.com,+1 (775) 307-1435,2024-12-16
Dewain Kemmett,dkemmett2f@sogou.com,+1 (214) 394-1338,2024-12-16
Ailis Tizard,atizard2g@ifeng.com,+1 (913) 755-6704,2024-12-16
Rockie Litchfield,rlitchfield2h@addthis.com,+1 (954) 614-6107,2024-12-16
Felix Creggan,fcreggan2i@imageshack.us,+1 (702) 539-5969,2024-12-16
Cassaundra Yearron,cyearron2j@simplemachines.org,+1 (216) 834-7009,2024-12-16
Valentia Hodgets,vhodgets2k@usgs.gov,+1 (517) 657-1925,2024-12-16
Arch Askham,aaskham2l@narod.ru,+1 (954) 819-5876,2024-12-16
Arlen Burnapp,aburnapp2m@fda.gov,+1 (530) 433-6685,2024-12-16
Alvin Nozzolii,anozzolii2n@yale.edu,+1 (937) 915-3524,2024-12-16
Regina Hryniewicki,rhryniewicki2o@prlog.org,+1 (202) 486-8655,2024-12-16
Walther Ekless,wekless2p@ning.com,,2024-12-16
Ailyn Belliard,abelliard2q@a8.net,+1 (559) 762-4417,2024-12-16
Franchot Hallward,fhallward2r@liveinternet.ru,,2024-12-16
Lanie Tunder,ltunder2s@mediafire.com,+1 (919) 652-9962,2024-12-16
Berky MacCaghan,bmaccaghan2t@imgur.com,+1 (619) 503-4610,2024-12-16
Ashley Grindell,agrindell2u@deliciousdays.com,+1 (202) 570-0475,2024-12-16
Fiorenze Brownlea,fbrownlea2v@buzzfeed.com,+1 (216) 663-5245,2024-12-16
Madella Real,mreal2w@edublogs.org,,2024-12-16
Zerk Pantlin,zpantlin2x@forbes.com,+1 (214) 341-9066,2024-12-16
Marcelo Geipel,mgeipel2y@wix.com,+1 (918) 321-1936,2024-12-16
Timothea Jollie,tjollie2z@amazon.de,+1 (202) 949-0611,2024-12-16
Lauralee Perceval,lperceval30@rambler.ru,+1 (702) 943-5290,2024-12-16
Doretta Ouslem,douslem31@imgur.com,+1 (212) 600-3327,2024-12-16
Ludwig Attoe,lattoe32@google.com.br,+1 (256) 453-4042,2024-12-16
Vonnie Barts,vbarts33@rambler.ru,+1 (605) 390-8162,2024-12-16
Ralina Bardill,rbardill34@cmu.edu,+1 (904) 835-4306,2024-12-16
Fernande Bert,fbert35@chron.com,+1 (253) 594-8671,2024-12-16
Delaney Slixby,dslixby36@constantcontact.com,+1 (361) 989-6569,2024-12-16
Clevey Dorney,cdorney37@craigslist.org,+1 (260) 303-7975,2024-12-16
Aristotle Paice,apaice38@yelp.com,,2024-12-16
Oberon Allcoat,oallcoat39@google.pl,+1 (806) 174-0199,2024-12-16
Tracy O'Garmen,togarmen3a@phoca.cz,+1 (678) 157-5441,2024-12-16
Meier Ellingsworth,mellingsworth3b@networkadvertising.org,+1 (727) 117-7178,2024-12-16
Laurianne Edds,ledds3c@amazon.com,+1 (916) 743-7869,2024-12-16
Gibb Shakle,gshakle3d@msn.com,+1 (214) 996-2190,2024-12-16
Costa Guenther,cguenther3e@sogou.com,+1 (561) 978-6937,2024-12-16
Wileen Shirland,wshirland3f@youtube.com,+1 (804) 955-0638,2024-12-16
Vito Cookman,vcookman3g@howstuffworks.com,+1 (585) 714-4739,2024-12-16
Brockie Soars,bsoars3h@csmonitor.com,+1 (702) 478-2638,2024-12-16
Harrie Tandy,htandy3i@webs.com,+1 (814) 403-2491,2024-12-16
Winifield Daville,wdaville3j@virginia.edu,+1 (520) 523-2900,2024-12-16
Zea Milleton,zmilleton3k@shutterfly.com,+1 (803) 837-7298,2024-12-16
Katharina Sare,ksare3l@webeden.co.uk,+1 (610) 648-4808,2024-12-16
Terence McFetridge,tmcfetridge3m@instagram.com,+1 (901) 849-4964,2024-12-16
Humfried MacDaid,hmacdaid3n@icq.com,+1 (646) 524-6239,2024-12-16
Livvy Cluer,lcluer3o@webmd.com,+1 (404) 761-4428,2024-12-16
Gae Bolin,gbolin3p@domainmarket.com,+1 (208) 617-8808,2024-12-16
Zorana Halt,zhalt3q@drupal.org,+1 (518) 588-1408,2024-12-16
Marney Oxborrow,moxborrow3r@baidu.com,+1 (765) 494-8026,2024-12-16
Davidson Keighly,dkeighly3s@irs.gov,+1 (719) 306-1113,2024-12-16
Amanda Waslin,awaslin3t@twitter.com,+1 (571) 161-3179,2024-12-16
Denni McCurtin,dmccurtin3u@etsy.com,+1 (801) 747-2300,2024-12-16
Sheree Barthrop,sbarthrop3v@naver.com,+1 (971) 283-2728,2024-12-16
Kimberli Jenton,kjenton3w@over-blog.com,+1 (303) 428-3162,2024-12-16
Pepi McEntegart,pmcentegart3x@twitter.com,+1 (413) 221-5751,2024-12-16
Elsworth Ciccone,eciccone3y@opera.com,+1 (571) 449-3200,2024-12-16
Maitilde Barrott,mbarrott3z@oakley.com,+1 (571) 549-8678,2024-12-16
Gannon Siret,gsiret40@amazonaws.com,,2024-12-16
Ingrim Ciciotti,iciciotti41@go.com,+1 (417) 273-3574,2024-12-16
Lamont Tapley,ltapley42@twitter.com,,2024-12-16
Marshal Lanon,mlanon43@bandcamp.com,,2024-12-16
Jaquelyn Kintish,jkintish44@addthis.com,+1 (919) 118-1596,2024-12-16
Creigh Leonards,cleonards45@tripod.com,+1 (309) 359-1228,2024-12-16
Morrie Noury,mnoury46@photobucket.com,+1 (570) 531-5288,2024-12-16
Ibrahim Maccaddie,imaccaddie47@blog.com,+1 (901) 123-5408,2024-12-16
Meghan Hatch,mhatch48@google.com.br,+1 (903) 311-9753,2024-12-16
Rosemaria Loalday,rloalday49@rakuten.co.jp,+1 (480) 979-5732,2024-12-16
Angela Jakeman,ajakeman4a@ed.gov,+1 (434) 657-7101,2024-12-16
Paulette Seppey,pseppey4b@ca.gov,+1 (509) 460-6282,2024-12-16
Denver Milsap,dmilsap4c@linkedin.com,+1 (704) 542-7881,2024-12-16
Roarke O'Grady,rogrady4d@nifty.com,,2024-12-16
Shamus Pitkaithly,spitkaithly4e@springer.com,+1 (661) 348-1818,2024-12-16
Barrie Crosson,bcrosson4f@state.tx.us,,2024-12-16
Dru Messiter,dmessiter4g@state.gov,+1 (936) 873-7133,2024-12-16
Marcelia Lowrance,mlowrance4h@twitpic.com,+1 (913) 539-8941,2024-12-16
Kristo Extil,kextil4i@springer.com,+1 (334) 941-9814,2024-12-16
Davey Burle,dburle4j@berkeley.edu,+1 (518) 757-8338,2024-12-16
Eddi Lythgoe,elythgoe4k@disqus.com,+1 (763) 609-0769,2024-12-16
Valentino Daniau,vdaniau4l@unesco.org,+1 (863) 779-1323,2024-12-16
Giulio Milan,gmilan4m@sitemeter.com,+1 (419) 240-4136,2024-12-16
Mallissa Fabler,mfabler4n@blinklist.com,+1 (203) 699-2013,2024-12-16
Lenee Cortin,lcortin4o@forbes.com,+1 (303) 476-9201,2024-12-16
Cati Prettyman,cprettyman4p@yahoo.com,+1 (816) 249-5536,2024-12-16
Calvin Rulten,crulten4q@prweb.com,+1 (912) 489-8217,2024-12-16
Townie Canto,tcanto4r@elegantthemes.com,+1 (423) 563-9222,2024-12-16
Corby Ainslee,cainslee4s@etsy.com,+1 (830) 213-5170,2024-12-16
Trula Douce,tdouce4t@surveymonkey.com,+1 (907) 570-7449,2024-12-16
Pepe Goldby,pgoldby4u@topsy.com,+1 (314) 791-0416,2024-12-16
Coral Dimic,cdimic4v@unblog.fr,,2024-12-16
Morse Warrick,mwarrick4w@umich.edu,+1 (501) 427-5289,2024-12-16
Vernon Iglesias,viglesias4x@nyu.edu,+1 (518) 728-7995,2024-12-16
Melania Elfleet,melfleet4y@geocities.jp,+1 (914) 959-5496,2024-12-16
Clement Haggett,chaggett4z@phpbb.com,+1 (310) 584-7992,2024-12-16
Webb MacKintosh,wmackintosh50@house.gov,+1 (585) 475-8335,2024-12-16
Dalia Culmer,dculmer51@mlb.com,+1 (818) 271-0129,2024-12-16
Adaline Vasyukov,avasyukov52@amazon.com,+1 (605) 529-7729,2024-12-16
Hilton Milbourn,hmilbourn53@wiley.com,+1 (202) 307-7763,2024-12-16
Gwenni Stainer,gstainer54@amazonaws.com,+1 (602) 749-7462,2024-12-16
Lilias Yushachkov,lyushachkov55@apache.org,+1 (316) 973-5952,2024-12-16
Trumaine Empson,tempson56@exblog.jp,+1 (304) 239-0226,2024-12-16
Roma Heinert,rheinert57@yale.edu,+1 (570) 268-1833,2024-12-16
Glennie Gear,ggear58@baidu.com,+1 (318) 746-1137,2024-12-16
Carlin Riccardini,criccardini59@wisc.edu,+1 (915) 634-8261,2024-12-16
Mac Testro,mtestro5a@earthlink.net,+1 (901) 929-2893,2024-12-16
Sheilakathryn Miners,sminers5b@ovh.net,+1 (916) 989-8151,2024-12-16
Georg Gurney,ggurney5c@moonfruit.com,+1 (504) 237-2648,2024-12-16
Reuben Burrage,rburrage5d@umich.edu,+1 (702) 396-8336,2024-12-16
Cletus Ohms,cohms5e@live.com,+1 (661) 223-5244,2024-12-16
Hyacinthia Verney,hverney5f@bizjournals.com,+1 (915) 899-6891,2024-12-16
Vincenz Hurcombe,vhurcombe5g@adobe.com,+1 (801) 338-4113,2024-12-16
Ring Prettjohn,rprettjohn5h@indiatimes.com,+1 (405) 531-6379,2024-12-16
Michael Swinburn,mswinburn5i@imageshack.us,+1 (919) 875-0950,2024-12-16
Tamarra Ackrill,tackrill5j@booking.com,+1 (904) 464-4389,2024-12-16
Ardelis Kenningley,akenningley5k@friendfeed.com,+1 (937) 529-0742,2024-12-16
Ashton Gudeman,agudeman5l@wikipedia.org,+1 (404) 113-6213,2024-12-16
Costanza Detheridge,cdetheridge5m@vk.com,+1 (218) 925-5244,2024-12-16
Vivyanne Griffitt,vgriffitt5n@wikimedia.org,+1 (402) 164-2441,2024-12-16
Vasili Keepe,vkeepe5o@discovery.com,+1 (850) 705-8529,2024-12-16
Constantine Mcwhinney,cmcwhinney5p@blogtalkradio.com,+1 (706) 835-8234,2024-12-16
Kare Acors,kacors5q@over-blog.com,+1 (210) 151-2741,2024-12-16
Demetrius Eakly,deakly5r@state.gov,+1 (816) 741-9428,2024-12-16
Sheelah Calwell,scalwell5s@simplemachines.org,,2024-12-16
Kalil Bengall,kbengall5t@behance.net,+1 (317) 873-7656,2024-12-16
Kimberly Proske,kproske5u@cloudflare.com,+1 (704) 975-2200,2024-12-16
Erl Havvock,ehavvock5v@newyorker.com,+1 (601) 230-4658,2024-12-16
Helli Hansford,hhansford5w@163.com,+1 (336) 755-9019,2024-12-16
Kalindi Romanin,kromanin5x@baidu.com,+1 (719) 815-7991,2024-12-16
Caye Gainsborough,cgainsborough5y@microsoft.com,+1 (615) 661-2634,2024-12-16
Nikolas Adnams,nadnams5z@mediafire.com,+1 (559) 336-5993,2024-12-16
Galen Mackleden,gmackleden60@hexun.com,+1 (303) 647-6393,2024-12-16
Nelly Venditto,nvenditto61@businessinsider.com,+1 (251) 215-8404,2024-12-16
Davidson Harbin,dharbin62@opensource.org,+1 (817) 119-0087,2024-12-16
Roddy Wallwork,rwallwork63@so-net.ne.jp,+1 (804) 934-6317,2024-12-16
Welby Barczewski,wbarczewski64@usgs.gov,+1 (352) 525-4974,2024-12-16
Jack Infante,jinfante65@github.io,+1 (915) 153-7019,2024-12-16
Kerri Ivanyushkin,kivanyushkin66@wordpress.com,+1 (323) 193-1108,2024-12-16
Conni Sherar,csherar67@biglobe.ne.jp,+1 (518) 719-2142,2024-12-16
Natala Blowfelde,nblowfelde68@timesonline.co.uk,+1 (256) 291-0818,2024-12-16
Tamarra Rego,trego69@vinaora.com,+1 (805) 718-9266,2024-12-16
Delora MacCoveney,dmaccoveney6a@prlog.org,,2024-12-16
Bjorn Edger,bedger6b@time.com,+1 (251) 165-8503,2024-12-16
Trista Pizer,tpizer6c@reddit.com,+1 (941) 119-4477,2024-12-16
Magnum Slogrove,mslogrove6d@aboutads.info,+1 (515) 430-1210,2024-12-16
Morganica Gossan,mgossan6e@intel.com,+1 (203) 712-8553,2024-12-16
Curtis Veazey,cveazey6f@bloomberg.com,+1 (713) 199-0047,2024-12-16
Bettine Dominelli,bdominelli6g@google.pl,+1 (812) 414-2802,2024-12-16
Zane Gulliford,zgulliford6h@arstechnica.com,+1 (405) 753-0313,2024-12-16
Alick Eisikowitz,aeisikowitz6i@irs.gov,+1 (718) 975-2674,2024-12-16
Cari Silwood,csilwood6j@pcworld.com,+1 (682) 437-4511,2024-12-16
Shela Mold,smold6k@csmonitor.com,+1 (913) 233-2757,2024-12-16
Korella Shemming,kshemming6l@people.com.cn,+1 (405) 491-0603,2024-12-16
Cynthea Vasyagin,cvasyagin6m@friendfeed.com,+1 (918) 501-4466,2024-12-16
Maynord Haslehurst,mhaslehurst6n@mozilla.org,+1 (602) 511-6202,2024-12-16
Tracie Oliveto,toliveto6o@indiatimes.com,,2024-12-16
Karlis Mannock,kmannock6p@arizona.edu,+1 (203) 531-8283,2024-12-16
Karoly Brookzie,kbrookzie6q@skyrock.com,+1 (434) 806-4598,2024-12-16
Lenard Dobson,ldobson6r@twitter.com,+1 (225) 846-7649,2024-12-16
Niles Taffee,ntaffee6s@newyorker.com,,2024-12-16
Justina Filler,jfiller6t@abc.net.au,+1 (806) 878-3285,2024-12-16
Early Carberry,ecarberry6u@gov.uk,+1 (816) 833-5019,2024-12-16
Evonne Shiel,eshiel6v@hatena.ne.jp,+1 (412) 395-1081,2024-12-16
Chariot Nevin,cnevin6w@ucoz.ru,+1 (727) 892-4856,2024-12-16
Sylvia Penson,spenson6x@usda.gov,+1 (209) 517-4119,2024-12-16
Alistair Stooke,astooke6y@github.io,+1 (361) 269-7790,2024-12-16
Sol Jessep,sjessep6z@walmart.com,,2024-12-16
Faye Kenlin,fkenlin70@dailymail.co.uk,+1 (801) 741-8599,2024-12-16
Andy Rickell,arickell71@msu.edu,,2024-12-16
Orsa Jopp,ojopp72@columbia.edu,+1 (901) 242-1391,2024-12-16
Shelby Gatfield,sgatfield73@ocn.ne.jp,+1 (971) 381-7470,2024-12-16
Elianora Truett,etruett74@oaic.gov.au,+1 (347) 729-8645,2024-12-16
Prescott Barbe,pbarbe75@sina.com.cn,+1 (214) 216-3156,2024-12-16
Delano de Vaen,dde76@discuz.net,,2024-12-16
Cullan Hains,chains77@imgur.com,+1 (212) 459-6882,2024-12-16
Fulton Trubshawe,ftrubshawe78@nbcnews.com,+1 (571) 983-5031,2024-12-16
Jenda Reardon,jreardon79@phpbb.com,+1 (714) 743-0122,2024-12-16
Chad Tapley,ctapley7a@artisteer.com,,2024-12-16
Townie Farrears,tfarrears7b@spiegel.de,+1 (509) 472-1900,2024-12-16
Wallis Benet,wbenet7c@google.com.br,+1 (352) 947-2889,2024-12-16
Raquela Marns,rmarns7d@mayoclinic.com,+1 (402) 958-8734,2024-12-16
Rogers Challener,rchallener7e@1und1.de,+1 (248) 178-9879,2024-12-16
Annabella Moreland,amoreland7f@samsung.com,+1 (571) 218-3557,2024-12-16
Joseph Matoshin,jmatoshin7g@netlog.com,,2024-12-16
Finley Paramore,fparamore7h@squidoo.com,,2024-12-16
Myron Knowlden,mknowlden7i@hubpages.com,+1 (713) 843-2082,2024-12-16
Fanya McConachie,fmcconachie7j@mapquest.com,+1 (540) 617-8196,2024-12-16
Alley Boykett,aboykett7k@sohu.com,+1 (205) 876-7417,2024-12-16
Anatole Woolaston,awoolaston7l@noaa.gov,+1 (312) 239-3215,2024-12-16
Rance Bewly,rbewly7m@pcworld.com,+1 (801) 764-5963,2024-12-16
Henderson Iggo,higgo7n@samsung.com,,2024-12-16
Hanan Oulner,houlner7o@un.org,,2024-12-16
Anna-diana Terne,aterne7p@nps.gov,+1 (432) 794-9156,2024-12-16
Ethelred Peplaw,epeplaw7q@arizona.edu,+1 (215) 642-4773,2024-12-16
Valentia Littlepage,vlittlepage7r@bbb.org,+1 (203) 264-3085,2024-12-16
Wylie Wiles,wwiles7s@acquirethisname.com,,2024-12-16
Jacob Deeth,jdeeth7t@fema.gov,+1 (440) 287-4351,2024-12-16
Augie Wethered,awethered7u@prlog.org,+1 (813) 506-9126,2024-12-16
Keven Hallitt,khallitt7v@va.gov,+1 (559) 928-3696,2024-12-16
Rodger Dottrell,rdottrell7w@china.com.cn,+1 (612) 561-9523,2024-12-16
Marlo Queste,mqueste7x@skype.com,+1 (662) 947-4635,2024-12-16
Martin Olivie,molivie7y@buzzfeed.com,+1 (212) 431-9342,2024-12-16
Kele Hunnaball,khunnaball7z@fda.gov,+1 (212) 905-7377,2024-12-16
Hilary Pecey,hpecey80@smh.com.au,+1 (616) 630-7848,2024-12-16
Kary O'Mohun,komohun81@alibaba.com,+1 (561) 203-7694,2024-12-16
Paddy Heaslip,pheaslip82@umich.edu,+1 (323) 692-9618,2024-12-16
Clemence Karlsen,ckarlsen83@usnews.com,+1 (808) 408-2666,2024-12-16
Lorne Denne,ldenne84@shop-pro.jp,+1 (563) 596-5970,2024-12-16
Jere Stokell,jstokell85@cafepress.com,+1 (210) 831-2934,2024-12-16
Cherida Cohane,ccohane86@netvibes.com,+1 (615) 641-5560,2024-12-16
Rebeca Prin,rprin87@aboutads.info,+1 (404) 664-9128,2024-12-16
Inesita Culleford,iculleford88@shinystat.com,+1 (757) 678-9139,2024-12-16
Carolus Summerrell,csummerrell89@multiply.com,+1 (803) 218-8451,2024-12-16
Hansiain MacCaffrey,hmaccaffrey8a@nyu.edu,,2024-12-16
Peterus Gloucester,pgloucester8b@blinklist.com,+1 (860) 386-7121,2024-12-16
Gareth McEntee,gmcentee8c@sourceforge.net,+1 (440) 632-1751,2024-12-16
Jennie Forcer,jforcer8d@youku.com,+1 (763) 542-3094,2024-12-16
Alanah Chander,achander8e@usda.gov,+1 (508) 913-6239,2024-12-16
Abby Allmann,aallmann8f@i2i.jp,,2024-12-16
Leigha Folomkin,lfolomkin8g@mapquest.com,+1 (864) 187-6865,2024-12-16
Robinett Pringley,rpringley8h@constantcontact.com,+1 (716) 260-9257,2024-12-16
Aigneis Lulham,alulham8i@google.com.hk,+1 (573) 471-5862,2024-12-16
Deny Dahill,ddahill8j@google.com.hk,+1 (414) 659-1181,2024-12-16
Orsola Woakes,owoakes8k@uiuc.edu,+1 (505) 451-8180,2024-12-16
Billie Rodenburgh,brodenburgh8l@mozilla.org,,2024-12-16
Dorena Nicklen,dnicklen8m@shutterfly.com,+1 (916) 569-2353,2024-12-16
Lise Oldman,loldman8n@nsw.gov.au,+1 (713) 461-2716,2024-12-16
Faunie Lawling,flawling8o@redcross.org,+1 (754) 966-6390,2024-12-16
Franzen Agerskow,fagerskow8p@virginia.edu,+1 (203) 675-9561,2024-12-16
Hilde Cowndley,hcowndley8q@msn.com,,2024-12-16
Corliss Sibery,csibery8r@pen.io,+1 (913) 680-6577,2024-12-16
Olympia Figgs,ofiggs8s@examiner.com,+1 (216) 587-9623,2024-12-16
Erek Lannon,elannon8t@dailymotion.com,+1 (208) 400-1000,2024-12-16
Farly O'Neary,foneary8u@irs.gov,+1 (754) 951-5291,2024-12-16
Aluino Earles,aearles8v@purevolume.com,+1 (817) 287-8759,2024-12-16
Armand Belloch,abelloch8w@de.vu,+1 (504) 393-9113,2024-12-16
Betta Fugere,bfugere8x@blogs.com,+1 (540) 555-4305,2024-12-16
Kevan Guyton,kguyton8y@over-blog.com,+1 (216) 506-3033,2024-12-16
Neil de la Valette Parisot,nde8z@biblegateway.com,+1 (509) 808-1618,2024-12-16
Celine Snaith,csnaith90@tuttocitta.it,+1 (803) 866-8107,2024-12-16
Doe Evelyn,develyn91@nih.gov,+1 (225) 589-2497,2024-12-16
Trevor Ledwitch,tledwitch92@prlog.org,+1 (315) 863-1879,2024-12-16
Sylvester Efford,sefford93@japanpost.jp,+1 (608) 689-0845,2024-12-16
Alistair Earpe,aearpe94@hibu.com,+1 (916) 983-9389,2024-12-16
Mortimer Ughi,mughi95@fastcompany.com,+1 (407) 560-9930,2024-12-16
Jameson Nettles,jnettles96@fc2.com,+1 (210) 351-9196,2024-12-16
Bartholomew Leechman,bleechman97@is.gd,+1 (404) 764-1058,2024-12-16
Darice Roadknight,droadknight98@nsw.gov.au,+1 (505) 332-1743,2024-12-16
Vally Meade,vmeade99@telegraph.co.uk,+1 (313) 595-1879,2024-12-16
Padraig Dell 'Orto,pdell9a@odnoklassniki.ru,+1 (417) 368-6689,2024-12-16
Sarah Spinelli,sspinelli9b@opera.com,+1 (402) 846-2528,2024-12-16
Lucho Hanner,lhanner9c@hao123.com,+1 (713) 686-2684,2024-12-16
Addi Reeks,areeks9d@sina.com.cn,+1 (937) 342-8620,2024-12-16
Barri Normadell,bnormadell9e@baidu.com,+1 (919) 594-2107,2024-12-16
Chastity Saddleton,csaddleton9f@canalblog.com,+1 (636) 210-8264,2024-12-16
Jose di Rocca,jdi9g@t-online.de,+1 (858) 526-2365,2024-12-16
Poppy McGinnell,pmcginnell9h@ifeng.com,+1 (215) 521-3191,2024-12-16
Darla Tolworth,dtolworth9i@army.mil,+1 (203) 975-8058,2024-12-16
Augustine Kynnd,akynnd9j@hatena.ne.jp,+1 (408) 698-2244,2024-12-16
Fredi Pauer,fpauer9k@flickr.com,+1 (212) 280-9708,2024-12-16
Rosabella Ireson,rireson9l@xinhuanet.com,+1 (502) 707-9857,2024-12-16
Annetta Edgeley,aedgeley9m@printfriendly.com,+1 (321) 428-0643,2024-12-16
Lanny Ruck,lruck9n@mail.ru,,2024-12-16
Pedro Posten,pposten9o@myspace.com,+1 (412) 381-6539,2024-12-16
Alissa Denkel,adenkel9p@spiegel.de,+1 (510) 587-8576,2024-12-16
Phillipe De Domenici,pde9q@multiply.com,+1 (215) 420-9275,2024-12-16
Andrea Stooke,astooke9r@sina.com.cn,,2024-12-16
Rhianon Weldon,rweldon9s@skype.com,+1 (702) 665-3735,2024-12-16
Mela Dauby,mdauby9t@dedecms.com,+1 (602) 868-5985,2024-12-16
Fred Doman,fdoman9u@devhub.com,+1 (203) 421-5335,2024-12-16
Iormina O' Scallan,io9v@joomla.org,+1 (305) 169-3568,2024-12-16
Darleen de Castelain,dde9w@bbc.co.uk,+1 (816) 961-8331,2024-12-16
Karyn Trenholm,ktrenholm9x@mtv.com,+1 (502) 836-0691,2024-12-16
Anitra Reavey,areavey9y@bloomberg.com,+1 (508) 237-7132,2024-12-16
Nap Gealle,ngealle9z@paginegialle.it,+1 (318) 304-1010,2024-12-16
Edsel Mathevon,emathevona0@virginia.edu,+1 (502) 750-7097,2024-12-16
Cecelia Upstell,cupstella1@archive.org,+1 (317) 815-2117,2024-12-16
Bernhard Spaughton,bspaughtona2@tinyurl.com,+1 (757) 738-3176,2024-12-16
Hatty Balbeck,hbalbecka3@google.cn,+1 (702) 798-9750,2024-12-16
Leora Burdell,lburdella4@google.fr,+1 (304) 967-3059,2024-12-16
Billie Dumphrey,bdumphreya5@msu.edu,+1 (626) 535-6601,2024-12-16
Rebeka Rodder,rroddera6@zdnet.com,+1 (785) 925-3536,2024-12-16
Halli Blabber,hblabbera7@desdev.cn,+1 (951) 584-4546,2024-12-16
Isacco Mielnik,imielnika8@youtu.be,+1 (304) 310-2438,2024-12-16
Cullin Breakspear,cbreakspeara9@bizjournals.com,+1 (703) 993-6756,2024-12-16
Cosme Maciaszczyk,cmaciaszczykaa@discuz.net,+1 (727) 858-4059,2024-12-16
Ettore Purslow,epurslowab@mit.edu,+1 (937) 740-3054,2024-12-16
Jonathon Ceaser,jceaserac@issuu.com,+1 (512) 704-2844,2024-12-16
Earlie Behrend,ebehrendad@wiley.com,+1 (860) 393-8418,2024-12-16
Fons Farmloe,ffarmloeae@dell.com,+1 (305) 536-7631,2024-12-16
Munroe Seacombe,mseacombeaf@123-reg.co.uk,+1 (817) 466-4152,2024-12-16
Dinny Kinman,dkinmanag@gmpg.org,+1 (850) 288-7650,2024-12-16
Gene Ixor,gixorah@spotify.com,+1 (763) 337-8103,2024-12-16
Dre Dargie,ddargieai@behance.net,+1 (626) 578-8885,2024-12-16
Katheryn Peoples,kpeoplesaj@ucoz.ru,+1 (316) 969-7207,2024-12-16
Vernon Giabuzzi,vgiabuzziak@printfriendly.com,+1 (412) 802-1618,2024-12-16
Morse Neem,mneemal@dmoz.org,+1 (216) 821-2852,2024-12-16
Collete Leacock,cleacockam@yale.edu,,2024-12-16
Katina Igonet,kigonetan@pcworld.com,+1 (248) 371-5559,2024-12-16
Jeanne Gudgin,jgudginao@google.com.hk,+1 (804) 976-6691,2024-12-16
Ramonda Ilsley,rilsleyap@creativecommons.org,+1 (814) 427-8651,2024-12-16
Sylvester Aitken,saitkenaq@reuters.com,+1 (609) 941-6957,2024-12-16
Delano Teissier,dteissierar@simplemachines.org,+1 (602) 379-9812,2024-12-16
Mathian Strelitzki,mstrelitzkias@narod.ru,+1 (970) 715-0373,2024-12-16
Jennee Bletsor,jbletsorat@delicious.com,+1 (916) 598-9250,2024-12-16
Cosimo Dameisele,cdameiseleau@archive.org,+1 (602) 781-5609,2024-12-16
Hermione Lambdon,hlambdonav@freewebs.com,,2024-12-16
Jecho Attwool,jattwoolaw@statcounter.com,+1 (202) 213-5585,2024-12-16
Lawry Parram,lparramax@networkadvertising.org,+1 (513) 233-7269,2024-12-16
Rayna Davidzon,rdavidzonay@senate.gov,+1 (816) 549-8408,2024-12-16
Theda Wickey,twickeyaz@narod.ru,+1 (785) 258-5735,2024-12-16
Merline Edginton,medgintonb0@mozilla.org,+1 (801) 724-1192,2024-12-16
Arlee Joinsey,ajoinseyb1@ucla.edu,+1 (304) 743-4551,2024-12-16
Tyrone Brogi,tbrogib2@google.co.uk,+1 (915) 483-0472,2024-12-16
Fredia Graves,fgravesb3@spotify.com,+1 (847) 740-2158,2024-12-16
Glenn Everly,geverlyb4@icq.com,+1 (315) 393-2712,2024-12-16
Halli Cuningham,hcuninghamb5@forbes.com,+1 (970) 933-9585,2024-12-16
Amandy Challicombe,achallicombeb6@imageshack.us,+1 (720) 648-8563,2024-12-16
Catharine Crannis,ccrannisb7@a8.net,+1 (213) 386-9149,2024-12-16
Isabella Momford,imomfordb8@wunderground.com,+1 (480) 996-3155,2024-12-16
Mervin Rozalski,mrozalskib9@bloomberg.com,+1 (206) 213-6754,2024-12-16
Tedi Effaunt,teffauntba@tinyurl.com,+1 (828) 567-4237,2024-12-16
Cris Gildersleaves,cgildersleavesbb@businessinsider.com,+1 (205) 449-7116,2024-12-16
Ashla Suerz,asuerzbc@mozilla.com,+1 (812) 127-1078,2024-12-16
Mattias Rainer,mrainerbd@t.co,+1 (520) 221-1899,2024-12-16
Hailee Donalson,hdonalsonbe@chronoengine.com,+1 (412) 153-9717,2024-12-16
Dagny Nafzger,dnafzgerbf@wisc.edu,+1 (816) 288-0144,2024-12-16
Corinna Halfpenny,chalfpennybg@devhub.com,+1 (432) 347-4779,2024-12-16
Issy Rollin,irollinbh@g.co,,2024-12-16
Tamarah Mott,tmottbi@taobao.com,+1 (859) 174-3810,2024-12-16
Nomi Feeham,nfeehambj@usatoday.com,+1 (518) 328-9684,2024-12-16
Rowen Rangell,rrangellbk@cbc.ca,+1 (214) 166-5708,2024-12-16
Matty Ginnally,mginnallybl@posterous.com,+1 (813) 584-6433,2024-12-16
Shelagh Chamberlayne,schamberlaynebm@histats.com,+1 (405) 568-6496,2024-12-16
Neils Dreye,ndreyebn@tiny.cc,,2024-12-16
Shanna Worshall,sworshallbo@slideshare.net,+1 (615) 590-0417,2024-12-16
Alex Porter,aporterbp@auda.org.au,,2024-12-16
Jules Luety,jluetybq@cafepress.com,+1 (502) 525-8103,2024-12-16
Clem Goodlett,cgoodlettbr@goo.ne.jp,+1 (626) 684-0238,2024-12-16
Amity Tasseler,atasselerbs@tuttocitta.it,+1 (570) 139-3165,2024-12-16
North Fancett,nfancettbt@earthlink.net,+1 (719) 101-3532,2024-12-16
Findley Pinel,fpinelbu@creativecommons.org,+1 (860) 398-1882,2024-12-16
Serena Delgardillo,sdelgardillobv@etsy.com,,2024-12-16
Isabella Penburton,ipenburtonbw@phoca.cz,+1 (515) 560-4307,2024-12-16
Nissy Speddin,nspeddinbx@arstechnica.com,+1 (912) 720-9530,2024-12-16
Witty Cockton,wcocktonby@paypal.com,+1 (314) 200-9108,2024-12-16
Austine Umpleby,aumplebybz@zdnet.com,+1 (217) 984-0013,2024-12-16
Aleen Venning,avenningc0@thetimes.co.uk,+1 (859) 790-0142,2024-12-16
Bat Diment,bdimentc1@spotify.com,+1 (816) 213-1104,2024-12-16
Ignazio Steeden,isteedenc2@hubpages.com,+1 (540) 109-6450,2024-12-16
Klaus Humerstone,khumerstonec3@independent.co.uk,+1 (909) 112-4237,2024-12-16
Sheppard MacFall,smacfallc4@reference.com,+1 (303) 143-2641,2024-12-16
Farleigh Dacke,fdackec5@hubpages.com,+1 (912) 241-4776,2024-12-16
Jasen Denning,jdenningc6@domainmarket.com,+1 (916) 184-0305,2024-12-16
Daryl Bowich,dbowichc7@flickr.com,+1 (803) 915-0021,2024-12-16
Ewan Sainer,esainerc8@eventbrite.com,,2024-12-16
Joli Rainsdon,jrainsdonc9@cyberchimps.com,,2024-12-16
Caressa Warrior,cwarriorca@ebay.com,+1 (415) 994-7615,2024-12-16
Royce McPolin,rmcpolincb@google.co.uk,+1 (231) 611-3482,2024-12-16
Fraze Gater,fgatercc@desdev.cn,+1 (414) 313-4152,2024-12-16
Keir Monkley,kmonkleycd@state.gov,+1 (202) 731-4810,2024-12-16
Scotti Harberer,sharbererce@lulu.com,,2024-12-16
Katerina Nardi,knardicf@opensource.org,,2024-12-16
Tania Jubb,tjubbcg@google.pl,+1 (716) 234-7161,2024-12-16
Pate Streatley,pstreatleych@51.la,+1 (817) 813-3776,2024-12-16
Lucy Laingmaid,llaingmaidci@google.com.br,+1 (773) 320-2405,2024-12-16
Reinald Featenby,rfeatenbycj@github.com,+1 (217) 615-1015,2024-12-16
Angie Macenzy,amacenzyck@nsw.gov.au,,2024-12-16
Bevan Sturrock,bsturrockcl@oakley.com,,2024-12-16
Lonnie Jobey,ljobeycm@nytimes.com,+1 (702) 847-1348,2024-12-16
Nathanial Bentjens,nbentjenscn@seesaa.net,+1 (415) 898-7980,2024-12-16
Jerrie Daubeny,jdaubenyco@quantcast.com,+1 (561) 615-2482,2024-12-16
Shepherd Gallegos,sgallegoscp@mashable.com,+1 (336) 910-6898,2024-12-16
Lamond Jentges,ljentgescq@opera.com,+1 (404) 830-1402,2024-12-16
Osbourne Ridsdell,oridsdellcr@wufoo.com,+1 (864) 544-9236,2024-12-16
Junia Friend,jfriendcs@cornell.edu,+1 (209) 161-7080,2024-12-16
Briney Easman,beasmanct@washingtonpost.com,+1 (202) 855-7366,2024-12-16
Anthea Fleis,afleiscu@storify.com,+1 (405) 377-9943,2024-12-16
Yance Rigard,yrigardcv@slideshare.net,+1 (804) 451-6677,2024-12-16
Merv Rabley,mrableycw@myspace.com,+1 (213) 241-0690,2024-12-16
Christyna Jorgesen,cjorgesencx@spotify.com,,2024-12-16
Hedy Viveash,hviveashcy@biglobe.ne.jp,+1 (720) 987-3269,2024-12-16
Mick Biaggioli,mbiaggiolicz@t.co,+1 (919) 673-9072,2024-12-16
Alexandre Hirjak,ahirjakd0@sogou.com,+1 (501) 646-4495,2024-12-16
Missie Norree,mnorreed1@redcross.org,+1 (717) 159-9697,2024-12-16
Thalia Fadian,tfadiand2@csmonitor.com,+1 (626) 336-1404,2024-12-16
Illa Freestone,ifreestoned3@tripadvisor.com,+1 (202) 799-4500,2024-12-16
Ryann Orable,rorabled4@cdbaby.com,,2024-12-16
Jasper Websdale,jwebsdaled5@illinois.edu,+1 (812) 678-9677,2024-12-16
Mohandis Boycott,mboycottd6@wunderground.com,+1 (405) 680-3158,2024-12-16
Jeremias Hayle,jhayled7@ftc.gov,+1 (214) 531-6480,2024-12-16
Leslie Blaske,lblasked8@tumblr.com,+1 (571) 202-8747,2024-12-16
Elisabeth Redhole,eredholed9@illinois.edu,+1 (571) 751-7459,2024-12-16
Sam Dobrowolski,sdobrowolskida@craigslist.org,+1 (907) 491-3776,2024-12-16
Casper Martinovsky,cmartinovskydb@gravatar.com,+1 (786) 762-6735,2024-12-16
Pauletta Duchart,pduchartdc@ovh.net,+1 (816) 981-2948,2024-12-16
Meta Semper,msemperdd@nationalgeographic.com,+1 (608) 548-1962,2024-12-16
Debi Stickels,dstickelsde@canalblog.com,+1 (915) 891-4124,2024-12-16
Hettie Othick,hothickdf@discovery.com,+1 (704) 916-9877,2024-12-16
Stacee Dillintone,sdillintonedg@yellowpages.com,+1 (415) 928-0392,2024-12-16
Mischa Hovie,mhoviedh@china.com.cn,+1 (602) 179-7948,2024-12-16
Laurene Paddemore,lpaddemoredi@nydailynews.com,+1 (978) 248-4724,2024-12-16
Paolina Healeas,phealeasdj@scientificamerican.com,+1 (304) 813-7155,2024-12-16
Mahmoud Kinneir,mkinneirdk@google.com,,2024-12-16
Lucho Jouaneton,ljouanetondl@google.co.uk,+1 (412) 815-6896,2024-12-16
Sharai Bulfield,sbulfielddm@multiply.com,+1 (716) 721-7710,2024-12-16
Carma Northcote,cnorthcotedn@technorati.com,,2024-12-16
Nicko Oddy,noddydo@statcounter.com,+1 (404) 629-5996,2024-12-16
Sabra Cridlan,scridlandp@dot.gov,+1 (336) 523-6294,2024-12-16
Daron Muddiman,dmuddimandq@bluehost.com,+1 (202) 233-7260,2024-12-16
Tiff Offa,toffadr@yelp.com,+1 (513) 478-4253,2024-12-16
Hedda McKibbin,hmckibbinds@ning.com,+1 (786) 378-2846,2024-12-16
Kirsteni Kretschmer,kkretschmerdt@hostgator.com,+1 (410) 932-6148,2024-12-16
Ferd Witul,fwituldu@behance.net,+1 (260) 318-0624,2024-12-16
Jaclyn St. Quintin,jstdv@acquirethisname.com,+1 (916) 513-8842,2024-12-16
Tamara Groucutt,tgroucuttdw@miitbeian.gov.cn,+1 (907) 330-7176,2024-12-16
Tamar Petrolli,tpetrollidx@domainmarket.com,+1 (802) 218-0664,2024-12-16
Katalin Conner,kconnerdy@opensource.org,+1 (412) 679-0268,2024-12-16
Dalt Slucock,dslucockdz@squarespace.com,+1 (205) 107-9477,2024-12-16
Jourdan Bilson,jbilsone0@pcworld.com,+1 (214) 336-4607,2024-12-16
Kalina Jzak,kjzake1@businesswire.com,+1 (559) 101-0331,2024-12-16
Murry Oleszcuk,moleszcuke2@time.com,+1 (402) 378-7169,2024-12-16
Amory Petrenko,apetrenkoe3@webmd.com,+1 (508) 569-5277,2024-12-16
Lois Silverthorn,lsilverthorne4@prnewswire.com,,2024-12-16
Cloe Kirvell,ckirvelle5@netvibes.com,+1 (717) 823-7817,2024-12-16
Charlot Krinks,ckrinkse6@unicef.org,,2024-12-16
Lara Rowlson,lrowlsone7@list-manage.com,+1 (901) 566-6079,2024-12-16
Daisie Mawditt,dmawditte8@yelp.com,+1 (719) 707-2559,2024-12-16
Kyle Viccars,kviccarse9@japanpost.jp,+1 (334) 869-7942,2024-12-16
Elita Stockbridge,estockbridgeea@prweb.com,+1 (954) 749-9804,2024-12-16
Winnah Vautin,wvautineb@nyu.edu,+1 (775) 415-0227,2024-12-16
Gwenni Beszant,gbeszantec@w3.org,+1 (202) 314-0611,2024-12-16
Annice Mathevet,amatheveted@hud.gov,+1 (803) 958-9168,2024-12-16
Torrin Mansbridge,tmansbridgeee@bbc.co.uk,+1 (619) 786-9387,2024-12-16
Lisbeth Marriott,lmarriottef@bizjournals.com,+1 (812) 973-7548,2024-12-16
Wilbert Dullard,wdullardeg@quantcast.com,+1 (206) 725-3378,2024-12-16
Cazzie Twiname,ctwinameeh@51.la,+1 (570) 390-2069,2024-12-16
Derron Mulvihill,dmulvihillei@canalblog.com,,2024-12-16
Abdel Simoneton,asimonetonej@51.la,+1 (907) 481-2572,2024-12-16
Michel Cawsby,mcawsbyek@studiopress.com,+1 (405) 253-1981,2024-12-16
Jameson Matejovsky,jmatejovskyel@marketwatch.com,+1 (904) 429-8765,2024-12-16
Nina Shucksmith,nshucksmithem@t.co,+1 (316) 530-2496,2024-12-16
Eldon Cumbes,ecumbesen@merriam-webster.com,+1 (251) 124-8424,2024-12-16
Gwenneth Cuzen,gcuzeneo@tamu.edu,+1 (702) 913-8166,2024-12-16
Mayer Gristock,mgristockep@squarespace.com,+1 (214) 510-4176,2024-12-16
Jethro McKomb,jmckombeq@posterous.com,+1 (862) 274-9983,2024-12-16
Hermina Stilgo,hstilgoer@sina.com.cn,+1 (251) 261-7066,2024-12-16
Fremont Baversor,fbaversores@studiopress.com,+1 (419) 509-1666,2024-12-16
Ulrica Lawes,ulaweset@cbsnews.com,+1 (303) 270-3617,2024-12-16
Maxie Ahrendsen,mahrendseneu@hugedomains.com,+1 (413) 230-8276,2024-12-16
Carlen Blackleech,cblackleechev@nationalgeographic.com,+1 (218) 249-2213,2024-12-16
Nadean Hallet,nhalletew@craigslist.org,+1 (415) 257-7143,2024-12-16
Westley De Gogay,wdeex@si.edu,+1 (772) 941-6558,2024-12-16
Thebault Capron,tcaproney@nih.gov,+1 (305) 909-1726,2024-12-16
Neale Boller,nbollerez@mtv.com,+1 (316) 661-2758,2024-12-16
Stafani MacAnelley,smacanelleyf0@buzzfeed.com,+1 (714) 943-4766,2024-12-16
Drake Jerrans,djerransf1@stumbleupon.com,+1 (314) 153-9880,2024-12-16
Winona Walsh,wwalshf2@discovery.com,+1 (860) 578-7796,2024-12-16
Sal Meggison,smeggisonf3@vimeo.com,+1 (205) 661-5160,2024-12-16
Archibald Phear,aphearf4@drupal.org,+1 (212) 130-5312,2024-12-16
Myrwyn Klezmski,mklezmskif5@java.com,+1 (239) 424-5520,2024-12-16
Reid Stodit,rstoditf6@hc360.com,+1 (512) 833-4821,2024-12-16
Steven Ogelbe,sogelbef7@mlb.com,+1 (202) 635-8040,2024-12-16
Othilie Janku,ojankuf8@hibu.com,+1 (701) 175-5220,2024-12-16
Shurlock Stobbart,sstobbartf9@bandcamp.com,+1 (817) 909-3815,2024-12-16
Culver Joppich,cjoppichfa@miitbeian.gov.cn,+1 (502) 388-9772,2024-12-16
Clarita Chalfain,cchalfainfb@imageshack.us,+1 (831) 591-0272,2024-12-16
Philomena Dowdeswell,pdowdeswellfc@house.gov,,2024-12-16
Arley Holburn,aholburnfd@cam.ac.uk,+1 (402) 403-2665,2024-12-16
Ken Sarjeant,ksarjeantfe@soundcloud.com,+1 (915) 462-6197,2024-12-16
Dael Cafe,dcafeff@creativecommons.org,+1 (323) 624-6630,2024-12-16
Sharron Burth,sburthfg@bloglines.com,+1 (786) 460-4490,2024-12-16
Ynez Helgass,yhelgassfh@free.fr,,2024-12-16
Clifford Grichukhanov,cgrichukhanovfi@liveinternet.ru,+1 (804) 206-5138,2024-12-16
Gerianne Farrey,gfarreyfj@bbb.org,+1 (312) 965-3583,2024-12-16
Kara-lynn Fishburn,kfishburnfk@skyrock.com,+1 (785) 937-8007,2024-12-16
Regan Kleinplatz,rkleinplatzfl@ebay.com,,2024-12-16
Anne De Vaux,adefm@webs.com,+1 (704) 370-3450,2024-12-16
Welsh Dransfield,wdransfieldfn@usgs.gov,+1 (505) 451-8586,2024-12-16
Lorraine Labitt,llabittfo@merriam-webster.com,+1 (478) 774-5416,2024-12-16
Harwell Jay,hjayfp@bandcamp.com,+1 (702) 214-4411,2024-12-16
Carroll Folca,cfolcafq@shinystat.com,+1 (915) 230-2108,2024-12-16
Kathryne Bodesson,kbodessonfr@weebly.com,+1 (214) 746-2571,2024-12-16
Marshall Dodsworth,mdodsworthfs@state.gov,+1 (210) 267-9315,2024-12-16
Hilarius Hindenburg,hhindenburgft@hibu.com,+1 (512) 724-9604,2024-12-16
Dody Jeays,djeaysfu@slideshare.net,+1 (716) 688-4568,2024-12-16
Avie Skaife,askaifefv@webs.com,+1 (786) 139-2458,2024-12-16
Gabbie Benezeit,gbenezeitfw@ning.com,+1 (336) 956-8336,2024-12-16
Lianna Hargraves,lhargravesfx@tiny.cc,,2024-12-16
Izzy Fingleton,ifingletonfy@dion.ne.jp,+1 (214) 501-8253,2024-12-16
Judye Casine,jcasinefz@blinklist.com,+1 (616) 521-3034,2024-12-16
Tabb Chrichton,tchrichtong0@youtu.be,+1 (517) 298-0609,2024-12-16
Renard Manssuer,rmanssuerg1@google.it,+1 (502) 537-0877,2024-12-16
Rochester Corrett,rcorrettg2@scientificamerican.com,+1 (432) 998-7652,2024-12-16
Shelia Navarro,snavarrog3@surveymonkey.com,,2024-12-16
Katey Chastang,kchastangg4@wired.com,+1 (570) 688-4091,2024-12-16
Dinah Hoff,dhoffg5@1688.com,+1 (405) 570-1766,2024-12-16
Hannie Lamzed,hlamzedg6@who.int,+1 (574) 512-8875,2024-12-16
Avery Knibbs,aknibbsg7@zdnet.com,,2024-12-16
Darnell McVittie,dmcvittieg8@google.nl,,2024-12-16
Sheila-kathryn Lampard,slampardg9@wisc.edu,+1 (626) 212-1543,2024-12-16
Bertie Roobottom,broobottomga@altervista.org,+1 (205) 205-6946,2024-12-16
Earl Brockway,ebrockwaygb@imgur.com,+1 (617) 909-9681,2024-12-16
Benn Gayden,bgaydengc@reverbnation.com,+1 (316) 810-1880,2024-12-16
Georgena Targetter,gtargettergd@wp.com,,2024-12-16
Michelle Sedgmond,msedgmondge@devhub.com,+1 (804) 167-8831,2024-12-16
Gibby Schall,gschallgf@wikia.com,+1 (574) 124-4625,2024-12-16
Legra Dowtry,ldowtrygg@nba.com,+1 (814) 622-4457,2024-12-16
Brew Benjafield,bbenjafieldgh@sohu.com,,2024-12-16
Lexy Flitcroft,lflitcroftgi@arizona.edu,,2024-12-16
Rene Iron,rirongj@google.nl,+1 (603) 815-9498,2024-12-16
Adler Mougin,amougingk@ucla.edu,,2024-12-16
Johan Jirick,jjirickgl@addtoany.com,+1 (915) 621-4605,2024-12-16
Marlon Ros,mrosgm@quantcast.com,+1 (504) 590-7150,2024-12-16
Calida Bahlmann,cbahlmanngn@reuters.com,+1 (717) 942-2598,2024-12-16
Dorine McAlpin,dmcalpingo@google.nl,+1 (304) 327-6853,2024-12-16
Gabriel Sulter,gsultergp@friendfeed.com,+1 (912) 801-5690,2024-12-16
Montgomery Bartlomieczak,mbartlomieczakgq@globo.com,+1 (202) 235-1464,2024-12-16
Sibeal Bembridge,sbembridgegr@ameblo.jp,+1 (973) 722-5840,2024-12-16
Else Salack,esalackgs@digg.com,+1 (480) 818-8516,2024-12-16
Cherlyn Haysham,chayshamgt@freewebs.com,+1 (775) 136-1546,2024-12-16
Doro Scardefield,dscardefieldgu@plala.or.jp,+1 (805) 109-8567,2024-12-16
Virgie Riveles,vrivelesgv@cafepress.com,,2024-12-16
Rhea Hinzer,rhinzergw@ox.ac.uk,+1 (804) 343-0389,2024-12-16
Ave Summerell,asummerellgx@yolasite.com,+1 (806) 123-7058,2024-12-16
Eden Pickthall,epickthallgy@nyu.edu,+1 (757) 889-9274,2024-12-16
Millie Halleday,mhalledaygz@wix.com,+1 (216) 862-0300,2024-12-16
Bendix Harlett,bharletth0@google.cn,+1 (215) 273-5391,2024-12-16
Terry Lorey,tloreyh1@geocities.com,+1 (415) 923-2646,2024-12-16
Carin Bothe,cbotheh2@mlb.com,+1 (804) 724-8933,2024-12-16
Ganny Punch,gpunchh3@google.fr,+1 (610) 182-7614,2024-12-16
Blayne Haworth,bhaworthh4@facebook.com,+1 (907) 107-5373,2024-12-16
Cedric Archibould,carchibouldh5@jigsy.com,+1 (605) 664-9508,2024-12-16
Dev McGonagle,dmcgonagleh6@nydailynews.com,+1 (316) 455-2199,2024-12-16
Ivan Livezley,ilivezleyh7@cnet.com,+1 (518) 626-1944,2024-12-16
Yorgo Baggelley,ybaggelleyh8@alexa.com,+1 (720) 290-6481,2024-12-16
Xena Chittleburgh,xchittleburghh9@uol.com.br,+1 (918) 876-8084,2024-12-16
Raimundo Drew-Clifton,rdrewcliftonha@slashdot.org,+1 (817) 201-1167,2024-12-16
Augusto Caudle,acaudlehb@lycos.com,+1 (402) 341-5239,2024-12-16
Christophe Waywell,cwaywellhc@cbc.ca,+1 (407) 761-5525,2024-12-16
Celie Maryman,cmarymanhd@unc.edu,+1 (214) 129-3866,2024-12-16
Kingsly Thurborn,kthurbornhe@hao123.com,+1 (941) 602-4115,2024-12-16
Colleen Gaskall,cgaskallhf@usnews.com,+1 (432) 652-2588,2024-12-16
Laurianne O'Cullinane,locullinanehg@nba.com,+1 (336) 886-6351,2024-12-16
Blondelle de Amaya,bdehh@guardian.co.uk,+1 (505) 168-8587,2024-12-16
Shelby Elmore,selmorehi@rakuten.co.jp,+1 (415) 496-4978,2024-12-16
Blythe Bridgwood,bbridgwoodhj@cam.ac.uk,+1 (941) 153-5744,2024-12-16
El Senogles,esenogleshk@webmd.com,+1 (419) 121-1193,2024-12-16
Martynne Gosswell,mgosswellhl@wikimedia.org,+1 (253) 555-1952,2024-12-16
Kendra Malitrott,kmalitrotthm@xing.com,+1 (805) 999-3595,2024-12-16
Garrard MacPaik,gmacpaikhn@github.io,+1 (574) 387-3742,2024-12-16
Bradney Petyakov,bpetyakovho@netscape.com,+1 (601) 481-7944,2024-12-16
Rosalinde Huggett,rhuggetthp@shop-pro.jp,+1 (228) 892-2360,2024-12-16
Collette Romain,cromainhq@live.com,+1 (505) 641-4610,2024-12-16
Jerrie Raithmill,jraithmillhr@statcounter.com,+1 (517) 343-3804,2024-12-16
Brnaba Barck,bbarckhs@typepad.com,+1 (763) 913-9744,2024-12-16
Myrna Skey,mskeyht@va.gov,+1 (802) 682-2051,2024-12-16
Suzanne Spargo,sspargohu@example.com,+1 (404) 231-8534,2024-12-16
Sibella Marquis,smarquishv@chronoengine.com,+1 (682) 403-4371,2024-12-16
Sibilla Yeabsley,syeabsleyhw@bing.com,+1 (816) 186-1900,2024-12-16
Brannon Kenford,bkenfordhx@drupal.org,+1 (508) 995-7121,2024-12-16
Lock Bome,lbomehy@newyorker.com,+1 (812) 603-2349,2024-12-16
Etienne Klejna,eklejnahz@earthlink.net,+1 (361) 399-2852,2024-12-16
Alma Ingman,aingmani0@i2i.jp,+1 (310) 423-2369,2024-12-16
Georgeanna Cavet,gcaveti1@sciencedirect.com,+1 (209) 603-2615,2024-12-16
Roderigo Perillio,rperillioi2@hostgator.com,+1 (813) 576-9285,2024-12-16
Prudy Mayoh,pmayohi3@narod.ru,+1 (585) 955-3931,2024-12-16
Tracie Cello,tcelloi4@rediff.com,+1 (203) 905-7501,2024-12-16
Lizzy Rutter,lrutteri5@ibm.com,+1 (602) 682-1903,2024-12-16
Helaina Ponnsett,hponnsetti6@issuu.com,+1 (248) 826-3053,2024-12-16
Debor Domotor,ddomotori7@nydailynews.com,+1 (501) 172-0681,2024-12-16
Carolynn Cavolini,ccavolinii8@netvibes.com,+1 (321) 641-8711,2024-12-16
Kaiser Ducaen,kducaeni9@deviantart.com,+1 (260) 527-9445,2024-12-16
Gradey Bolens,gbolensia@fda.gov,+1 (510) 286-8045,2024-12-16
Burlie Bawme,bbawmeib@reference.com,+1 (845) 953-3154,2024-12-16
Fianna Brent,fbrentic@seesaa.net,+1 (404) 943-6026,2024-12-16
Isidor Rilston,irilstonid@nyu.edu,+1 (360) 347-9764,2024-12-16
Arel Andrejevic,aandrejevicie@usatoday.com,+1 (314) 441-3863,2024-12-16
Wolfgang Mioni,wmioniif@sourceforge.net,+1 (732) 512-7865,2024-12-16
Winona Dankersley,wdankersleyig@alibaba.com,+1 (713) 696-5888,2024-12-16
Delinda McGrey,dmcgreyih@dot.gov,+1 (901) 213-0993,2024-12-16
Mada Mouser,mmouserii@twitpic.com,,2024-12-16
Brendin Luffman,bluffmanij@ask.com,+1 (907) 278-4662,2024-12-16
Freedman Abela,fabelaik@wp.com,+1 (805) 856-9979,2024-12-16
Zita Dicke,zdickeil@blogs.com,+1 (412) 599-1962,2024-12-16
Rhianon Sneller,rsnellerim@yolasite.com,,2024-12-16
Rusty Stowgill,rstowgillin@surveymonkey.com,+1 (754) 181-5160,2024-12-16
Artemis Salmen,asalmenio@4shared.com,+1 (941) 260-4729,2024-12-16
Madelene Wickey,mwickeyip@skyrock.com,,2024-12-16
Karim Yakutin,kyakutiniq@hp.com,+1 (503) 983-8412,2024-12-16
Boony Darque,bdarqueir@free.fr,+1 (513) 298-4068,2024-12-16
Cathie Kingsford,ckingsfordis@yellowbook.com,+1 (941) 606-1916,2024-12-16
Collette Gentiry,cgentiryit@omniture.com,+1 (503) 947-1322,2024-12-16
Nelia Standingford,nstandingfordiu@4shared.com,+1 (716) 953-9526,2024-12-16
Ken Kubach,kkubachiv@walmart.com,+1 (941) 539-6265,2024-12-16
Daisie Sherwill,dsherwilliw@cafepress.com,+1 (714) 113-1336,2024-12-16
Marty Plaice,mplaiceix@fema.gov,+1 (952) 734-3499,2024-12-16
Wittie Graith,wgraithiy@ow.ly,+1 (601) 870-8079,2024-12-16
Merlina Meaton,mmeatoniz@biblegateway.com,+1 (860) 315-6135,2024-12-16
Lucina Knightly,lknightlyj0@mapy.cz,+1 (502) 517-9853,2024-12-16
Sylas Blackden,sblackdenj1@kickstarter.com,+1 (206) 334-6098,2024-12-16
Thedrick Fleisch,tfleischj2@thetimes.co.uk,+1 (865) 975-2532,2024-12-16
Adrienne Bouldon,abouldonj3@facebook.com,+1 (515) 754-3652,2024-12-16
Joyous Hefferon,jhefferonj4@g.co,+1 (915) 702-1074,2024-12-16
Anthiathia Gundry,agundryj5@hatena.ne.jp,+1 (727) 746-2868,2024-12-16
Marion Vasilik,mvasilikj6@e-recht24.de,+1 (808) 257-2640,2024-12-16
Wells Faulkes,wfaulkesj7@xrea.com,+1 (305) 843-1262,2024-12-16
Berny Baughan,bbaughanj8@cyberchimps.com,+1 (213) 281-1359,2024-12-16
Isabelle Jodrellec,ijodrellecj9@kickstarter.com,+1 (812) 943-2061,2024-12-16
Liesa Bendon,lbendonja@prlog.org,+1 (936) 373-7925,2024-12-16
Elsi Late,elatejb@is.gd,+1 (916) 915-2954,2024-12-16
Harvey Duferie,hduferiejc@123-reg.co.uk,+1 (318) 268-5193,2024-12-16
Luther Juszkiewicz,ljuszkiewiczjd@mlb.com,+1 (773) 689-2619,2024-12-16
Gustavus Cissen,gcissenje@ted.com,+1 (314) 410-3863,2024-12-16
Omar Richin,orichinjf@booking.com,+1 (281) 342-3697,2024-12-16
Bidget Couth,bcouthjg@toplist.cz,,2024-12-16
Miltie Machen,mmachenjh@fema.gov,,2024-12-16
Lannie Chirm,lchirmji@addthis.com,,2024-12-16
Junina Dellit,jdellitjj@ebay.com,+1 (315) 846-1630,2024-12-16
Minor Hug,mhugjk@opera.com,+1 (765) 799-3838,2024-12-16
Kizzie Wallwood,kwallwoodjl@bloomberg.com,+1 (305) 238-7074,2024-12-16
Theo Sappell,tsappelljm@mlb.com,+1 (240) 459-3845,2024-12-16
Dione Vinas,dvinasjn@1und1.de,+1 (318) 303-2608,2024-12-16
Lola McIndrew,lmcindrewjo@bloglovin.com,+1 (469) 317-2793,2024-12-16
Matteo Sayward,msaywardjp@mapquest.com,+1 (205) 527-4941,2024-12-16
Indira Ameer-Beg,iameerbegjq@studiopress.com,+1 (734) 729-6921,2024-12-16
Effie Tibald,etibaldjr@gizmodo.com,+1 (901) 265-1743,2024-12-16
Hillary Cluley,hcluleyjs@dropbox.com,+1 (763) 325-9344,2024-12-16
Jilly Millam,jmillamjt@google.com.au,+1 (386) 669-0645,2024-12-16
Antone Hatchard,ahatchardju@canalblog.com,+1 (804) 445-3299,2024-12-16
Floria Koeppe,fkoeppejv@de.vu,+1 (479) 132-0380,2024-12-16
Gian Devonshire,gdevonshirejw@mysql.com,+1 (314) 114-6348,2024-12-16
Merrick Robotham,mrobothamjx@imageshack.us,+1 (408) 891-8041,2024-12-16
Bryon Dulwich,bdulwichjy@cmu.edu,,2024-12-16
Anson Kleynen,akleynenjz@cnet.com,,2024-12-16
Terry McCreary,tmccrearyk0@newsvine.com,+1 (203) 808-3360,2024-12-16
Violette O'Feeny,vofeenyk1@wikia.com,+1 (559) 867-8935,2024-12-16
Collete McGrudder,cmcgrudderk2@geocities.jp,+1 (214) 769-4643,2024-12-16
Lavinia Jeannot,ljeannotk3@house.gov,+1 (508) 228-7647,2024-12-16
Delly Stoving,dstovingk4@opera.com,+1 (316) 174-3792,2024-12-16
Frederico Horick,fhorickk5@hubpages.com,,2024-12-16
Fons Menere,fmenerek6@state.gov,+1 (918) 816-2177,2024-12-16
Wylie Ackhurst,wackhurstk7@google.ca,+1 (713) 119-0216,2024-12-16
Saw Poff,spoffk8@4shared.com,+1 (865) 716-9783,2024-12-16
Haleigh Petracci,hpetraccik9@hostgator.com,+1 (501) 239-8083,2024-12-16
Melany Carlone,mcarloneka@cdbaby.com,+1 (951) 886-9797,2024-12-16
Phillipp Whymark,pwhymarkkb@rakuten.co.jp,+1 (469) 145-0881,2024-12-16
Mari Murrell,mmurrellkc@soundcloud.com,+1 (401) 489-0995,2024-12-16
Lindon Braga,lbragakd@elpais.com,,2024-12-16
Lillis Bilbrooke,lbilbrookeke@symantec.com,+1 (330) 803-3319,2024-12-16
Niven Dosedale,ndosedalekf@weather.com,+1 (813) 286-2297,2024-12-16
Thibaud Brownbridge,tbrownbridgekg@sitemeter.com,+1 (786) 949-4244,2024-12-16
Vassily Allaway,vallawaykh@constantcontact.com,+1 (678) 688-7060,2024-12-16
Clayborn Glason,cglasonki@dagondesign.com,+1 (713) 180-8183,2024-12-16
Lillis London,llondonkj@tmall.com,+1 (217) 330-8306,2024-12-16
Melony Penhearow,mpenhearowkk@google.fr,+1 (305) 725-7164,2024-12-16
Bell Harnett,bharnettkl@uiuc.edu,,2024-12-16
Electra Strevens,estrevenskm@tmall.com,,2024-12-16
Jecho Hagley,jhagleykn@google.com.br,+1 (860) 318-7495,2024-12-16
Dannel Letrange,dletrangeko@1und1.de,+1 (215) 491-5170,2024-12-16
Scarlet Selvey,sselveykp@google.fr,+1 (386) 191-7762,2024-12-16
Marion Spellicy,mspellicykq@mozilla.org,,2024-12-16
Odelinda Laux,olauxkr@gnu.org,+1 (540) 654-2813,2024-12-16
Imogen Cumo,icumoks@umich.edu,+1 (702) 100-6467,2024-12-16
Shellysheldon Grzelak,sgrzelakkt@dot.gov,+1 (941) 649-8856,2024-12-16
Helen-elizabeth Bownd,hbowndku@census.gov,+1 (315) 519-1693,2024-12-16
Erl Downing,edowningkv@imgur.com,+1 (864) 930-8703,2024-12-16
Desiri Licciardiello,dlicciardiellokw@php.net,,2024-12-16
Karleen Savins,ksavinskx@samsung.com,+1 (925) 582-0409,2024-12-16
Ruggiero Bastin,rbastinky@spiegel.de,+1 (913) 272-2024,2024-12-16
Rosamond MacNeely,rmacneelykz@auda.org.au,,2024-12-16
Alessandro Pratley,apratleyl0@yelp.com,+1 (281) 717-3955,2024-12-16
Lexie Constantinou,lconstantinoul1@nyu.edu,+1 (210) 263-3698,2024-12-16
Jerrie Elderfield,jelderfieldl2@samsung.com,+1 (808) 843-3612,2024-12-16
Adeline Whissell,awhisselll3@ca.gov,+1 (918) 190-1038,2024-12-16
Josias Pawling,jpawlingl4@skyrock.com,+1 (256) 203-0188,2024-12-16
Margery Harry,mharryl5@about.com,,2024-12-16
Bobbette Price,bpricel6@surveymonkey.com,+1 (717) 853-8717,2024-12-16
Dodie Samways,dsamwaysl7@earthlink.net,+1 (512) 499-3687,2024-12-16
Al Priddie,apriddiel8@barnesandnoble.com,+1 (704) 376-3816,2024-12-16
Augy Birtles,abirtlesl9@twitpic.com,,2024-12-16
Cyndi Freund,cfreundla@apache.org,+1 (419) 632-1936,2024-12-16
Orton Gelly,ogellylb@cnn.com,+1 (517) 850-6184,2024-12-16
Malachi Chapelhow,mchapelhowlc@home.pl,+1 (304) 881-3600,2024-12-16
Cyb Riccardini,criccardinild@reference.com,+1 (434) 685-4819,2024-12-16
Bertie Spellessy,bspellessyle@oaic.gov.au,+1 (405) 740-2136,2024-12-16
Myranda Bainbrigge,mbainbriggelf@yahoo.com,+1 (812) 171-3078,2024-12-16
Alexandr Latimer,alatimerlg@google.ca,+1 (571) 197-1940,2024-12-16
Orville Duesberry,oduesberrylh@devhub.com,,2024-12-16
Nelie Maunton,nmauntonli@springer.com,+1 (805) 632-9511,2024-12-16
Ruy Hollow,rhollowlj@yahoo.com,,2024-12-16
Alexia Ratt,arattlk@soup.io,+1 (361) 638-1542,2024-12-16
Latia Marskell,lmarskellll@arizona.edu,+1 (804) 903-2721,2024-12-16
Sloan Burnitt,sburnittlm@army.mil,+1 (207) 130-2129,2024-12-16
Amerigo Kingsworth,akingsworthln@opera.com,+1 (212) 966-3453,2024-12-16
Hermine Schirak,hschiraklo@mlb.com,+1 (213) 484-0324,2024-12-16
Tracie Rosser,trosserlp@amazon.com,,2024-12-16
Uri Keightley,ukeightleylq@csmonitor.com,+1 (973) 203-5188,2024-12-16
Blair Throssell,bthrosselllr@pbs.org,+1 (212) 675-9634,2024-12-16
Katti Fleury,kfleuryls@go.com,+1 (701) 483-2001,2024-12-16
Marylinda Davidescu,mdavidescult@nyu.edu,+1 (936) 969-8975,2024-12-16
Roderick Cronk,rcronklu@istockphoto.com,,2024-12-16
Dominick Falla,dfallalv@wunderground.com,+1 (605) 830-1557,2024-12-16
Dolly Hedley,dhedleylw@list-manage.com,+1 (770) 216-5766,2024-12-16
Basilio Medmore,bmedmorelx@google.com.hk,+1 (413) 444-8854,2024-12-16
Gifford Tritten,gtrittenly@java.com,,2024-12-16
Francesca Prichet,fprichetlz@princeton.edu,+1 (303) 946-0827,2024-12-16
Ambrosius Keeton,akeetonm0@amazon.co.uk,,2024-12-16
Vivianne Tankard,vtankardm1@ed.gov,+1 (253) 718-5993,2024-12-16
Penny Seaking,pseakingm2@liveinternet.ru,+1 (850) 471-3047,2024-12-16
Marylinda Reichardt,mreichardtm3@indiegogo.com,,2024-12-16
Molli McCaughey,mmccaugheym4@java.com,+1 (323) 497-0163,2024-12-16
Saundra Darrach,sdarrachm5@ucla.edu,+1 (701) 135-7876,2024-12-16
Bear Rulten,brultenm6@wikipedia.org,+1 (619) 880-0932,2024-12-16
Kynthia Howett,khowettm7@behance.net,+1 (314) 405-7613,2024-12-16
Glenine Pullen,gpullenm8@mlb.com,+1 (305) 911-7079,2024-12-16
Melba Sawl,msawlm9@ed.gov,+1 (602) 125-4640,2024-12-16
Genni Muzzini,gmuzzinima@stanford.edu,+1 (502) 979-6542,2024-12-16
Nessy Duffett,nduffettmb@weather.com,+1 (310) 472-4816,2024-12-16
Gale Gurner,ggurnermc@phoca.cz,+1 (561) 843-8850,2024-12-16
Jody Grigorian,jgrigorianmd@dion.ne.jp,+1 (907) 855-1080,2024-12-16
Sherwynd Escott,sescottme@topsy.com,,2024-12-16
Gill Loveard,gloveardmf@opensource.org,,2024-12-16
Miguel Matschke,mmatschkemg@acquirethisname.com,+1 (202) 932-3090,2024-12-16
Fitzgerald Blenkin,fblenkinmh@usnews.com,+1 (757) 510-2450,2024-12-16
Trever Duckworth,tduckworthmi@epa.gov,+1 (479) 455-9672,2024-12-16
Billye de Quincey,bdemj@facebook.com,+1 (585) 201-4369,2024-12-16
Franklyn Frowd,ffrowdmk@linkedin.com,+1 (602) 905-1807,2024-12-16
Price Bellwood,pbellwoodml@moonfruit.com,,2024-12-16
Desmond Gabriel,dgabrielmm@miibeian.gov.cn,+1 (330) 742-7286,2024-12-16
Filberto Borrington,fborringtonmn@va.gov,+1 (786) 504-8157,2024-12-16
Perl McEniry,pmcenirymo@vinaora.com,+1 (408) 700-7838,2024-12-16
Hallsy Spinke,hspinkemp@wikispaces.com,+1 (916) 197-0182,2024-12-16
Zondra Vreiberg,zvreibergmq@mapquest.com,+1 (816) 210-0619,2024-12-16
Milo Amner,mamnermr@cocolog-nifty.com,+1 (801) 851-7045,2024-12-16
Brocky Strowan,bstrowanms@whitehouse.gov,+1 (202) 760-9687,2024-12-16
Denney Orgee,dorgeemt@disqus.com,+1 (561) 959-3183,2024-12-16
Kevyn Laity,klaitymu@guardian.co.uk,+1 (423) 497-7633,2024-12-16
Marilee Doul,mdoulmv@shareasale.com,+1 (937) 810-5338,2024-12-16
Joyous Mincini,jmincinimw@prnewswire.com,+1 (253) 166-5349,2024-12-16
Allx Orneblow,aorneblowmx@blogtalkradio.com,+1 (360) 262-7290,2024-12-16
Laney Greene,lgreenemy@rambler.ru,+1 (203) 270-2151,2024-12-16
Cindelyn Yeldon,cyeldonmz@samsung.com,+1 (812) 630-3611,2024-12-16
Tandy Wreight,twreightn0@google.ru,+1 (202) 520-9488,2024-12-16
Steffane Tant,stantn1@tamu.edu,,2024-12-16
Barnard Enrich,benrichn2@uiuc.edu,+1 (304) 188-3426,2024-12-16
Gabi Jurisic,gjurisicn3@nsw.gov.au,+1 (916) 345-3342,2024-12-16
Fairleigh Sperski,fsperskin4@spiegel.de,+1 (504) 494-8046,2024-12-16
Kylynn Brand-Hardy,kbrandhardyn5@shinystat.com,+1 (209) 934-6394,2024-12-16
Liva Heald,lhealdn6@theguardian.com,+1 (916) 970-5618,2024-12-16
Poppy Hanstock,phanstockn7@acquirethisname.com,+1 (937) 451-9371,2024-12-16
Noah Dmitrienko,ndmitrienkon8@businesswire.com,+1 (407) 484-4732,2024-12-16
Skelly Hannan,shannann9@themeforest.net,+1 (806) 164-6310,2024-12-16
Page d'Arcy,pdarcyna@last.fm,,2024-12-16
Whittaker Nerne,wnernenb@noaa.gov,+1 (702) 176-0392,2024-12-16
Kahaleel Waterhouse,kwaterhousenc@youtube.com,+1 (302) 845-3601,2024-12-16
Aldo Beining,abeiningnd@yale.edu,+1 (212) 121-5722,2024-12-16
Carver Lilion,clilionne@wikia.com,+1 (334) 313-6477,2024-12-16
Darren Acaster,dacasternf@cdc.gov,+1 (218) 473-7210,2024-12-16
Rosina Pena,rpenang@dmoz.org,+1 (704) 795-2431,2024-12-16
Andres Room,aroomnh@csmonitor.com,,2024-12-16
Malissia Storre,mstorreni@surveymonkey.com,+1 (917) 749-1180,2024-12-16
Vaughn Gitthouse,vgitthousenj@google.pl,+1 (402) 352-5458,2024-12-16
Rowland Skull,rskullnk@state.tx.us,+1 (202) 710-9770,2024-12-16
Costanza Adkins,cadkinsnl@shareasale.com,+1 (205) 996-9338,2024-12-16
Judy Dyott,jdyottnm@ocn.ne.jp,+1 (602) 418-2632,2024-12-16
Annora Askey,aaskeynn@google.com,+1 (859) 852-8639,2024-12-16
Carine Gionettitti,cgionettittino@yellowpages.com,+1 (334) 112-8867,2024-12-16
Allard Tresvina,atresvinanp@admin.ch,+1 (414) 539-0654,2024-12-16
Page Ockenden,pockendennq@wisc.edu,+1 (702) 558-5855,2024-12-16
Felicdad Litel,flitelnr@dedecms.com,+1 (202) 303-2613,2024-12-16
Benedict Sabati,bsabatins@barnesandnoble.com,+1 (415) 234-7991,2024-12-16
Gery Wixey,gwixeynt@gnu.org,+1 (518) 350-7613,2024-12-16
Ash Strete,astretenu@usda.gov,+1 (202) 555-2968,2024-12-16
Manon Mintoft,mmintoftnv@barnesandnoble.com,+1 (501) 816-9102,2024-12-16
Hamlin Longhorne,hlonghornenw@omniture.com,+1 (312) 834-4221,2024-12-16
Veradis Grimsey,vgrimseynx@dagondesign.com,+1 (562) 503-5103,2024-12-16
Vasilis Niland,vnilandny@123-reg.co.uk,,2024-12-16
Torrie Armsby,tarmsbynz@yellowpages.com,+1 (928) 768-4279,2024-12-16
Rahel Alliker,rallikero0@people.com.cn,+1 (714) 981-7329,2024-12-16
Augustine Holson,aholsono1@reddit.com,+1 (205) 494-3656,2024-12-16
Ward Wenderott,wwenderotto2@woothemes.com,+1 (423) 489-4845,2024-12-16
Nissy Olpin,nolpino3@timesonline.co.uk,,2024-12-16
Sibelle Guillain,sguillaino4@wix.com,+1 (805) 699-0782,2024-12-16
Charisse Fligg,cfliggo5@shutterfly.com,+1 (415) 419-5653,2024-12-16
Hilliard Milmore,hmilmoreo6@privacy.gov.au,+1 (719) 226-2720,2024-12-16
Thomasina MacGaughey,tmacgaugheyo7@free.fr,+1 (915) 372-9549,2024-12-16
Sutherlan Hintzer,shintzero8@narod.ru,+1 (714) 239-6848,2024-12-16
Orville Dana,odanao9@google.com.hk,+1 (513) 211-4455,2024-12-16
Rici Bettlestone,rbettlestoneoa@salon.com,+1 (954) 489-0671,2024-12-16
Hatty Grewe,hgreweob@cpanel.net,+1 (253) 623-2882,2024-12-16
Antoni Grabeham,agrabehamoc@blogtalkradio.com,+1 (516) 185-0460,2024-12-16
Anjela Greig,agreigod@ameblo.jp,+1 (509) 809-0152,2024-12-16
Julissa Rookledge,jrookledgeoe@newyorker.com,,2024-12-16
Fredric Bridgewood,fbridgewoodof@addtoany.com,+1 (912) 700-0545,2024-12-16
Lauraine Emby,lembyog@networkadvertising.org,+1 (804) 216-0961,2024-12-16
Riobard Grubbe,rgrubbeoh@dagondesign.com,+1 (304) 775-7769,2024-12-16
Anne-corinne Kupec,akupecoi@geocities.com,+1 (262) 793-6970,2024-12-16
Renell Geri,rgerioj@ed.gov,+1 (904) 663-5102,2024-12-16
Gib Apedaile,gapedaileok@upenn.edu,+1 (402) 543-2625,2024-12-16
Arney Glasner,aglasnerol@springer.com,+1 (813) 904-0368,2024-12-16
Carmine Jaime,cjaimeom@ebay.com,+1 (330) 467-1269,2024-12-16
Lazarus Sone,lsoneon@technorati.com,+1 (313) 879-6062,2024-12-16
Ysabel Osinin,yosininoo@goodreads.com,+1 (405) 325-2630,2024-12-16
Guglielmo Eaglen,geaglenop@amazon.de,,2024-12-16
Devy Quakley,dquakleyoq@w3.org,+1 (716) 568-2430,2024-12-16
Clyve McEntee,cmcenteeor@imageshack.us,+1 (706) 178-8742,2024-12-16
Dorella Wolstenholme,dwolstenholmeos@cdc.gov,+1 (615) 877-4909,2024-12-16
Lil Abbott,labbottot@com.com,+1 (405) 666-1984,2024-12-16
Baxy Tisor,btisorou@pinterest.com,+1 (310) 525-6308,2024-12-16
Ravi Seven,rsevenov@alibaba.com,+1 (513) 149-5068,2024-12-16
Sunshine Barth,sbarthow@cbsnews.com,+1 (303) 731-4151,2024-12-16
Immanuel Pesik,ipesikox@mapy.cz,+1 (718) 613-3380,2024-12-16
Moss Sevin,msevinoy@simplemachines.org,+1 (313) 603-5194,2024-12-16
Cleavland Siss,csissoz@google.es,+1 (316) 114-1307,2024-12-16
Andee Bruggeman,abruggemanp0@gizmodo.com,+1 (314) 469-0778,2024-12-16
Christie Oxtoby,coxtobyp1@microsoft.com,+1 (971) 707-1615,2024-12-16
Cristian Drewet,cdrewetp2@spiegel.de,+1 (214) 300-3423,2024-12-16
Marget Titchmarsh,mtitchmarshp3@ox.ac.uk,+1 (904) 185-0775,2024-12-16
Raphaela Levesley,rlevesleyp4@friendfeed.com,+1 (901) 894-2010,2024-12-16
Gaylene Leggs,gleggsp5@google.de,+1 (412) 391-8418,2024-12-16
Penni Kingsman,pkingsmanp6@studiopress.com,+1 (517) 380-4337,2024-12-16
Ned Mewrcik,nmewrcikp7@newsvine.com,+1 (937) 699-9530,2024-12-16
Toni Millea,tmilleap8@mac.com,+1 (254) 854-8599,2024-12-16
Avrom Grutchfield,agrutchfieldp9@123-reg.co.uk,+1 (508) 795-5577,2024-12-16
Jessee Gooddy,jgooddypa@tinyurl.com,+1 (812) 860-9548,2024-12-16
Orland Well,owellpb@hugedomains.com,+1 (716) 879-2848,2024-12-16
Jacklin Crut,jcrutpc@admin.ch,,2024-12-16
Clemmy Hatchette,chatchettepd@umn.edu,+1 (402) 286-6050,2024-12-16
Ralina Gabel,rgabelpe@mlb.com,+1 (417) 562-6585,2024-12-16
Alverta Mitchenson,amitchensonpf@wikia.com,+1 (727) 592-6267,2024-12-16
Jessey Panting,jpantingpg@blogs.com,+1 (615) 257-3106,2024-12-16
Katerine Kingsnod,kkingsnodph@networksolutions.com,+1 (228) 443-5568,2024-12-16
Ambrosius Fawley,afawleypi@histats.com,+1 (413) 541-8587,2024-12-16
Corry Cabotto,ccabottopj@salon.com,+1 (214) 693-2078,2024-12-16
Gamaliel Comini,gcominipk@oakley.com,+1 (425) 462-3734,2024-12-16
Aloysius Bunner,abunnerpl@chron.com,+1 (815) 781-1252,2024-12-16
Karin Linforth,klinforthpm@shareasale.com,+1 (253) 916-3699,2024-12-16
Allin Savaage,asavaagepn@bloglines.com,+1 (865) 550-4255,2024-12-16
Magdalene Lomasny,mlomasnypo@earthlink.net,+1 (202) 873-4521,2024-12-16
Blinni Levene,blevenepp@toplist.cz,+1 (806) 339-6571,2024-12-16
Shadow Yushin,syushinpq@fema.gov,,2024-12-16
Melli Penfold,mpenfoldpr@sfgate.com,+1 (704) 747-8286,2024-12-16
Gib Titcomb,gtitcombps@nytimes.com,+1 (318) 756-1355,2024-12-16
Leese Turrell,lturrellpt@trellian.com,,2024-12-16
Ira Edmenson,iedmensonpu@google.ca,+1 (901) 828-0534,2024-12-16
Elly Cominotti,ecominottipv@noaa.gov,+1 (408) 814-4444,2024-12-16
Libby McKeighen,lmckeighenpw@buzzfeed.com,+1 (904) 646-4749,2024-12-16
Gusella Stanyon,gstanyonpx@google.com.au,+1 (408) 611-5243,2024-12-16
Jamesy Awde,jawdepy@imgur.com,+1 (712) 594-0410,2024-12-16
Rabi Alcalde,ralcaldepz@newsvine.com,+1 (785) 798-6640,2024-12-16
Yettie Huegett,yhuegettq0@mozilla.org,+1 (303) 922-7114,2024-12-16
Thornton Farryn,tfarrynq1@meetup.com,+1 (713) 799-9421,2024-12-16
Carolee Haslen,chaslenq2@baidu.com,,2024-12-16
Tailor Guillot,tguillotq3@wikia.com,+1 (914) 376-2864,2024-12-16
Kori Yakuntsov,kyakuntsovq4@tripod.com,+1 (303) 256-9746,2024-12-16
Pancho Durran,pdurranq5@flavors.me,+1 (212) 415-5963,2024-12-16
Arabelle Vasey,avaseyq6@istockphoto.com,,2024-12-16
Bronnie Cossum,bcossumq7@csmonitor.com,+1 (304) 446-2364,2024-12-16
Shurlock Morby,smorbyq8@nytimes.com,+1 (757) 848-7680,2024-12-16
Kim Schott,kschottq9@slashdot.org,+1 (334) 766-3769,2024-12-16
Teodorico Midlar,tmidlarqa@wunderground.com,+1 (803) 713-0913,2024-12-16
Burg Brandenberg,bbrandenbergqb@wunderground.com,+1 (804) 529-7994,2024-12-16
Carrissa Britian,cbritianqc@google.com.au,+1 (512) 852-7659,2024-12-16
Base Armsby,barmsbyqd@blogs.com,+1 (941) 880-8207,2024-12-16
Abie Dansey,adanseyqe@cnet.com,+1 (602) 806-7750,2024-12-16
Mariana Clash,mclashqf@state.gov,+1 (720) 316-9486,2024-12-16
Lenee MacKniely,lmacknielyqg@washingtonpost.com,+1 (212) 356-1148,2024-12-16
Mindy Shirland,mshirlandqh@mashable.com,+1 (414) 197-2532,2024-12-16
Bradley Vannar,bvannarqi@xing.com,+1 (704) 340-5062,2024-12-16
West Rippingale,wrippingaleqj@timesonline.co.uk,,2024-12-16
Dexter Leggen,dleggenqk@springer.com,+1 (423) 456-3170,2024-12-16
Dorey Darmody,ddarmodyql@sciencedaily.com,+1 (806) 942-4162,2024-12-16
Genevieve Baurerich,gbaurerichqm@pen.io,+1 (951) 704-7810,2024-12-16
Gennifer Whitemarsh,gwhitemarshqn@cnet.com,+1 (860) 748-4908,2024-12-16
Nanci Worpole,nworpoleqo@free.fr,+1 (702) 465-0994,2024-12-16
Tasia Bianco,tbiancoqp@flavors.me,+1 (214) 367-3786,2024-12-16
Ellie Butson,ebutsonqq@harvard.edu,+1 (530) 371-0515,2024-12-16
Chelsey Lorant,clorantqr@godaddy.com,+1 (719) 542-5937,2024-12-16
Dari Gert,dgertqs@ezinearticles.com,+1 (602) 866-1812,2024-12-16
Arlin Wannes,awannesqt@usa.gov,+1 (202) 372-6227,2024-12-16
Alwin Muat,amuatqu@dell.com,+1 (202) 140-6833,2024-12-16
Wynn Wannell,wwannellqv@home.pl,+1 (773) 439-1769,2024-12-16
Tulley Tschiersch,ttschierschqw@tiny.cc,+1 (919) 874-0599,2024-12-16
Casie Navaro,cnavaroqx@discuz.net,+1 (281) 681-5272,2024-12-16
Maje Jirick,mjirickqy@xing.com,+1 (217) 726-2182,2024-12-16
Tann Borghese,tborgheseqz@businessinsider.com,+1 (585) 699-4722,2024-12-16
Monroe Merchant,mmerchantr0@hugedomains.com,+1 (716) 741-8145,2024-12-16
Philis Gipp,pgippr1@nytimes.com,+1 (405) 777-5471,2024-12-16
Tucker Pratte,tpratter2@vinaora.com,+1 (816) 727-8277,2024-12-16
Phillipp Juarez,pjuarezr3@un.org,+1 (509) 326-1911,2024-12-16
Skipton Curnnokk,scurnnokkr4@auda.org.au,+1 (254) 863-0895,2024-12-16
Cale Vernon,cvernonr5@irs.gov,+1 (559) 570-6845,2024-12-16
Ava Bretland,abretlandr6@gnu.org,+1 (314) 426-1830,2024-12-16
Carmon Keohane,ckeohaner7@hp.com,,2024-12-16
Dreddy Boliver,dboliverr8@flavors.me,+1 (215) 406-8637,2024-12-16
Kata Conlaund,kconlaundr9@techcrunch.com,+1 (414) 597-1574,2024-12-16
Chiarra Cowndley,ccowndleyra@oracle.com,+1 (571) 520-1078,2024-12-16
Lynnette Gaine,lgainerb@quantcast.com,+1 (941) 569-6405,2024-12-16
Isador Fulham,ifulhamrc@blogs.com,+1 (985) 463-8104,2024-12-16
Chrysa Ruzicka,cruzickard@tripod.com,+1 (917) 774-5486,2024-12-16
Bart Hagard,bhagardre@ezinearticles.com,+1 (480) 184-4366,2024-12-16
Glenn Meugens,gmeugensrf@typepad.com,+1 (865) 809-3754,2024-12-16
Brion Moffet,bmoffetrg@cnet.com,+1 (602) 232-3692,2024-12-16
Tani Hackworth,thackworthrh@jalbum.net,+1 (785) 505-3274,2024-12-16
Shermy Curness,scurnessri@nsw.gov.au,+1 (253) 949-6117,2024-12-16
Goran Timmons,gtimmonsrj@economist.com,+1 (217) 316-8678,2024-12-16
Cynthie Matzen,cmatzenrk@vimeo.com,+1 (919) 635-4419,2024-12-16
Tiebout Prayer,tprayerrl@seattletimes.com,,2024-12-16
Elton Allsupp,eallsupprm@columbia.edu,+1 (904) 127-7766,2024-12-16
Tallia Giffon,tgiffonrn@sourceforge.net,+1 (701) 270-6936,2024-12-16
Harmony MacClinton,hmacclintonro@bravesites.com,+1 (310) 716-8774,2024-12-16
Melisande Flucker,mfluckerrp@phoca.cz,+1 (702) 745-9913,2024-12-16
Sada Thorius,sthoriusrq@weather.com,,2024-12-16
Andeee McCawley,amccawleyrr@latimes.com,+1 (901) 517-6200,2024-12-16
